2024-05-25 08:25:25,Calcium Plus Tablet Hewan,24000,Non Tunai,cellotambunan17@gmail.com
2024-05-25 08:27:53,Vitaboost Multivitamin Hewan,60000,Non Tunai,cellotambunan17@gmail.com
2024-05-25 08:50:44,Bio-Lysine Tablet Hewan,20000,Non Tunai,cellotambunan17@gmail.com
2024-05-25 09:12:34,"Pedigree Adult Dog Food, Super-C Vitamin C Hewan",70000,Non Tunai,cellotambunan17@gmail.com
2024-05-25 09:13:43,Omega 3 Plus Fish Oil Hewan,25000,Non Tunai,alyssachalondra@gmail.com
2024-05-25 09:45:47,Royal Canin Adult Small Dog Food,100000,Non Tunai,cellotambunan17@gmail.com
